{
  "n": 1170,
  "accuracy": 0.9957264957264957,
  "macro_f1": 0.9958086809764315,
  "classwise_f1": {
    "A": 0.9952755905511811,
    "B": 0.996309963099631,
    "C": 0.9981851179673321,
    "D": 0.9934640522875817
  },
  "ece": 0.09365811965813209,
  "brier_score": 0.013109572649572646,
  "bootstrap_accuracy_95ci": [
    0.9914529914529915,
    0.9991452991452991
  ],
  "task_counts": {
    "Raw Meaning Selection": 1170
  },
  "task_accuracy": {
    "Raw Meaning Selection": 0.9957264957264957
  },
  "parse_error_rate": 0.0,
  "tokens_per_sec": 15.003642759995174,
  "cost_per_1000_questions": 0.0,
  "peak_VRAM_or_RAM": 5062.9482421875,
  "peak_ram_mb": 2885.15625,
  "cold_start_ms": 30079.400982009247,
  "ops_metric_coverage": {
    "latency_ms": 1170,
    "batch_size_1_latency_ms": 1170,
    "tokens_per_sec": 1170,
    "peak_vram_mb": 1170,
    "ram_mb": 1170,
    "estimated_cost_usd": 0,
    "local_cost_per_hour_usd": 1170,
    "cold_start_ms": 1170
  },
  "total_estimated_cost_usd": 0.0,
  "latency_p50": 4238.905089005129,
  "latency_p95": 4634.257304001949,
  "batch_size_1_latency_p95": 4634.257304001949,
  "adapter_path": "runs/G3_Gemma_dev/final_adapter",
  "quantization": "8bit",
  "model_name_or_path": "google/gemma-2-2b-it",
  "local_cost_per_hour_usd": 0.0,
  "parser_version": "mcq_answer_parser_v2",
  "prompt_contract_version": "mcq_answer_json_v2",
  "prompt_mode": "chat",
  "prompt_mode_effective": "chat",
  "partial": false
}