{
  "n": 581,
  "accuracy": 0.9982788296041308,
  "macro_f1": 0.9982884114355146,
  "classwise_f1": {
    "A": 0.9967637540453074,
    "B": 0.996389891696751,
    "C": 1.0,
    "D": 1.0
  },
  "ece": 0.008313253012041666,
  "brier_score": 0.001753356282271945,
  "bootstrap_accuracy_95ci": [
    0.9931153184165232,
    1.0
  ],
  "task_counts": {
    "Raw Meaning Selection": 581
  },
  "task_accuracy": {
    "Raw Meaning Selection": 0.9982788296041308
  },
  "parse_error_rate": 0.0,
  "tokens_per_sec": 0.0,
  "cost_per_1000_questions": 0.0,
  "peak_VRAM_or_RAM": 0.0,
  "peak_ram_mb": 563.1875,
  "cold_start_ms": 0.0,
  "ops_metric_coverage": {
    "latency_ms": 581,
    "batch_size_1_latency_ms": 581,
    "tokens_per_sec": 0,
    "peak_vram_mb": 581,
    "ram_mb": 581,
    "estimated_cost_usd": 581,
    "local_cost_per_hour_usd": 0,
    "cold_start_ms": 0
  },
  "total_estimated_cost_usd": 0.0,
  "latency_p50": 652.8946649996215,
  "latency_p95": 1831.460628000059,
  "batch_size_1_latency_p95": 1831.460628000059,
  "provider": "openai",
  "model": "gpt-5.4-mini",
  "fallback_only": true,
  "fallback_rate": 0.4965811965811966,
  "pricing_source": "not_configured",
  "partial": false
}