{
  "fp16": {
    "n": 1170,
    "accuracy": 0.020512820512820513,
    "macro_f1": 0.02493997599039616,
    "classwise_f1": {
      "A": 0.11734693877551021,
      "B": 0.007352941176470588,
      "C": 0.0,
      "D": 0.0,
      "PARSE_ERROR": 0.0
    },
    "ece": 0.020512820512820513,
    "brier_score": 0.020512820512820513,
    "bootstrap_accuracy_95ci": [
      0.01282051282051282,
      0.028205128205128206
    ],
    "task_counts": {
      "Raw Meaning Selection": 1170
    },
    "task_accuracy": {
      "Raw Meaning Selection": 0.020512820512820513
    },
    "parse_error_rate": 0.935042735042735,
    "tokens_per_sec": 26.786620579073595,
    "cost_per_1000_questions": 0.0,
    "peak_VRAM_or_RAM": 5044.8935546875,
    "peak_ram_mb": 2402.63671875,
    "cold_start_ms": 4951.680798999973,
    "ops_metric_coverage": {
      "latency_ms": 1170,
      "batch_size_1_latency_ms": 1170,
      "tokens_per_sec": 1170,
      "peak_vram_mb": 1170,
      "ram_mb": 1170,
      "estimated_cost_usd": 0,
      "local_cost_per_hour_usd": 1170,
      "cold_start_ms": 1170
    },
    "total_estimated_cost_usd": 0.0,
    "latency_p50": 715.7420499997897,
    "latency_p95": 2334.5893799998976,
    "batch_size_1_latency_p95": 2334.5893799998976,
    "adapter_path": "runs/G3_Gemma_dev/final_adapter",
    "quantization": "fp16",
    "local_cost_per_hour_usd": 0.0,
    "g3_checkpoint_id": "runs/G3_Gemma_dev/final_adapter",
    "g3_checkpoint_validation": {
      "adapter_path": "runs/G3_Gemma_dev/final_adapter",
      "verified": true,
      "manifest_path": "runs/G3_Gemma_dev/g3_checkpoint_manifest.json",
      "manifest_type": "g3_checkpoint_manifest",
      "g3_checkpoint_id": "runs/G3_Gemma_dev/final_adapter"
    }
  },
  "8bit": {
    "n": 1170,
    "accuracy": 0.13760683760683762,
    "macro_f1": 0.06630155015363468,
    "classwise_f1": {
      "A": 0.3176823176823177,
      "B": 0.007352941176470588,
      "C": 0.0,
      "D": 0.006472491909385114,
      "PARSE_ERROR": 0.0
    },
    "ece": 0.13760683760683762,
    "brier_score": 0.13760683760683762,
    "bootstrap_accuracy_95ci": [
      0.11965811965811966,
      0.15726495726495726
    ],
    "task_counts": {
      "Raw Meaning Selection": 1170
    },
    "task_accuracy": {
      "Raw Meaning Selection": 0.13760683760683762
    },
    "parse_error_rate": 0.4128205128205128,
    "tokens_per_sec": 14.806641475149249,
    "cost_per_1000_questions": 0.0,
    "peak_VRAM_or_RAM": 5044.8935546875,
    "peak_ram_mb": 2810.05859375,
    "cold_start_ms": 31086.28148300022,
    "ops_metric_coverage": {
      "latency_ms": 1170,
      "batch_size_1_latency_ms": 1170,
      "tokens_per_sec": 1170,
      "peak_vram_mb": 1170,
      "ram_mb": 1170,
      "estimated_cost_usd": 0,
      "local_cost_per_hour_usd": 1170,
      "cold_start_ms": 1170
    },
    "total_estimated_cost_usd": 0.0,
    "latency_p50": 2100.3978999997344,
    "latency_p95": 4506.455328999891,
    "batch_size_1_latency_p95": 4506.455328999891,
    "adapter_path": "runs/G3_Gemma_dev/final_adapter",
    "quantization": "8bit",
    "local_cost_per_hour_usd": 0.0,
    "g3_checkpoint_id": "runs/G3_Gemma_dev/final_adapter",
    "g3_checkpoint_validation": {
      "adapter_path": "runs/G3_Gemma_dev/final_adapter",
      "verified": true,
      "manifest_path": "runs/G3_Gemma_dev/g3_checkpoint_manifest.json",
      "manifest_type": "g3_checkpoint_manifest",
      "g3_checkpoint_id": "runs/G3_Gemma_dev/final_adapter"
    }
  },
  "4bit": {
    "n": 1170,
    "accuracy": 0.07863247863247863,
    "macro_f1": 0.08734838762308006,
    "classwise_f1": {
      "A": 0.2514506769825919,
      "B": 0.07067137809187278,
      "C": 0.07017543859649122,
      "D": 0.04444444444444444,
      "PARSE_ERROR": 0.0
    },
    "ece": 0.07863247863247863,
    "brier_score": 0.07863247863247863,
    "bootstrap_accuracy_95ci": [
      0.062393162393162394,
      0.09487179487179487
    ],
    "task_counts": {
      "Raw Meaning Selection": 1170
    },
    "task_accuracy": {
      "Raw Meaning Selection": 0.07863247863247863
    },
    "parse_error_rate": 0.8034188034188035,
    "tokens_per_sec": 33.068062659076105,
    "cost_per_1000_questions": 0.0,
    "peak_VRAM_or_RAM": 5044.8935546875,
    "peak_ram_mb": 2873.62109375,
    "cold_start_ms": 29451.00458700017,
    "ops_metric_coverage": {
      "latency_ms": 1170,
      "batch_size_1_latency_ms": 1170,
      "tokens_per_sec": 1170,
      "peak_vram_mb": 1170,
      "ram_mb": 1170,
      "estimated_cost_usd": 0,
      "local_cost_per_hour_usd": 1170,
      "cold_start_ms": 1170
    },
    "total_estimated_cost_usd": 0.0,
    "latency_p50": 1794.9731870003234,
    "latency_p95": 1863.6898280001333,
    "batch_size_1_latency_p95": 1863.6898280001333,
    "adapter_path": "runs/G3_Gemma_dev/final_adapter",
    "quantization": "4bit",
    "local_cost_per_hour_usd": 0.0,
    "g3_checkpoint_id": "runs/G3_Gemma_dev/final_adapter",
    "g3_checkpoint_validation": {
      "adapter_path": "runs/G3_Gemma_dev/final_adapter",
      "verified": true,
      "manifest_path": "runs/G3_Gemma_dev/g3_checkpoint_manifest.json",
      "manifest_type": "g3_checkpoint_manifest",
      "g3_checkpoint_id": "runs/G3_Gemma_dev/final_adapter"
    }
  }
}