{
  "n": 1151,
  "accuracy": 0.9947871416159861,
  "macro_f1": 0.9945757920039118,
  "classwise_f1": {
    "A": 0.9925373134328358,
    "B": 0.9984101748807631,
    "C": 0.9906890130353818,
    "D": 0.9966666666666666
  },
  "ece": 0.09192006950479242,
  "brier_score": 0.012319721980886182,
  "bootstrap_accuracy_95ci": [
    0.9895742832319722,
    0.998262380538662
  ],
  "task_counts": {
    "Raw Meaning Selection": 1151
  },
  "task_accuracy": {
    "Raw Meaning Selection": 0.9947871416159861
  },
  "parse_error_rate": 0.0,
  "tokens_per_sec": 27.71185218955954,
  "cost_per_1000_questions": 0.0,
  "peak_VRAM_or_RAM": 5055.8173828125,
  "peak_ram_mb": 2353.171875,
  "cold_start_ms": 3783.057626002119,
  "ops_metric_coverage": {
    "latency_ms": 1151,
    "batch_size_1_latency_ms": 1151,
    "tokens_per_sec": 1151,
    "peak_vram_mb": 1151,
    "ram_mb": 1151,
    "estimated_cost_usd": 0,
    "local_cost_per_hour_usd": 1151,
    "cold_start_ms": 1151
  },
  "total_estimated_cost_usd": 0.0,
  "latency_p50": 2308.941536997736,
  "latency_p95": 2337.4854670037166,
  "batch_size_1_latency_p95": 2337.4854670037166,
  "adapter_path": null,
  "quantization": "fp16",
  "model_name_or_path": "google/gemma-2-2b-it",
  "local_cost_per_hour_usd": 0.0,
  "parser_version": "mcq_answer_parser_v2",
  "prompt_contract_version": "mcq_answer_json_v2",
  "prompt_mode": "chat",
  "trust_remote_code": false,
  "prompt_mode_effective": "chat",
  "partial": false
}