{
  "n": 1170,
  "accuracy": 0.9965811965811966,
  "macro_f1": 0.9966925529691575,
  "classwise_f1": {
    "A": 0.9936908517350158,
    "B": 0.9981515711645101,
    "C": 0.9981851179673321,
    "D": 0.996742671009772
  },
  "ece": 0.09739316239317543,
  "brier_score": 0.01204487179487179,
  "bootstrap_accuracy_95ci": [
    0.9923076923076923,
    0.9991452991452991
  ],
  "task_counts": {
    "Raw Meaning Selection": 1170
  },
  "task_accuracy": {
    "Raw Meaning Selection": 0.9965811965811966
  },
  "parse_error_rate": 0.0,
  "tokens_per_sec": 23.401515752278616,
  "cost_per_1000_questions": 0.0,
  "peak_VRAM_or_RAM": 4720.81103515625,
  "peak_ram_mb": 2102.24609375,
  "cold_start_ms": 7310.6334379990585,
  "ops_metric_coverage": {
    "latency_ms": 1170,
    "batch_size_1_latency_ms": 1170,
    "tokens_per_sec": 1170,
    "peak_vram_mb": 1170,
    "ram_mb": 1170,
    "estimated_cost_usd": 0,
    "local_cost_per_hour_usd": 1170,
    "cold_start_ms": 1170
  },
  "total_estimated_cost_usd": 0.0,
  "latency_p50": 2734.2329419989255,
  "latency_p95": 2753.651359998912,
  "batch_size_1_latency_p95": 2753.651359998912,
  "adapter_path": "runs/G3_BitNet_dev/final_adapter",
  "quantization": "fp16",
  "model_name_or_path": "microsoft/bitnet-b1.58-2B-4T",
  "local_cost_per_hour_usd": 0.0,
  "parser_version": "mcq_answer_parser_v2",
  "prompt_contract_version": "mcq_answer_json_v2",
  "prompt_mode": "chat",
  "trust_remote_code": false,
  "prompt_mode_effective": "chat"
}