{
  "fp16": {
    "n": 1170,
    "accuracy": 0.0,
    "macro_f1": 0.0,
    "classwise_f1": {
      "A": 0.0,
      "B": 0.0,
      "C": 0.0,
      "D": 0.0,
      "PARSE_ERROR": 0.0
    },
    "ece": 0.0,
    "brier_score": 0.0,
    "bootstrap_accuracy_95ci": [
      0.0,
      0.0
    ],
    "task_counts": {
      "Raw Meaning Selection": 1170
    },
    "task_accuracy": {
      "Raw Meaning Selection": 0.0
    },
    "parse_error_rate": 1.0,
    "tokens_per_sec": 21.575569475544267,
    "cost_per_1000_questions": 0.0,
    "peak_VRAM_or_RAM": 5938.25390625,
    "peak_ram_mb": 2338.5078125,
    "cold_start_ms": 4385.806195000441,
    "ops_metric_coverage": {
      "latency_ms": 1170,
      "batch_size_1_latency_ms": 1170,
      "tokens_per_sec": 1170,
      "peak_vram_mb": 1170,
      "ram_mb": 1170,
      "estimated_cost_usd": 0,
      "local_cost_per_hour_usd": 1170,
      "cold_start_ms": 1170
    },
    "total_estimated_cost_usd": 0.0,
    "latency_p50": 46.161653000126535,
    "latency_p95": 49.3262109994248,
    "batch_size_1_latency_p95": 49.3262109994248,
    "adapter_path": "runs/G3_Qwen_dev/final_adapter",
    "quantization": "fp16",
    "local_cost_per_hour_usd": 0.0,
    "g3_checkpoint_id": "runs/G3_Qwen_dev/final_adapter",
    "g3_checkpoint_validation": {
      "adapter_path": "runs/G3_Qwen_dev/final_adapter",
      "verified": true,
      "manifest_path": "runs/G3_Qwen_dev/g3_checkpoint_manifest.json",
      "manifest_type": "g3_checkpoint_manifest",
      "g3_checkpoint_id": "runs/G3_Qwen_dev/final_adapter"
    }
  },
  "8bit": {
    "n": 1170,
    "accuracy": 0.037606837606837605,
    "macro_f1": 0.05085139235403957,
    "classwise_f1": {
      "A": 0.007005253940455342,
      "B": 0.021818181818181816,
      "C": 0.0,
      "D": 0.2254335260115607,
      "PARSE_ERROR": 0.0
    },
    "ece": 0.03679487179487179,
    "brier_score": 0.0367542735042735,
    "bootstrap_accuracy_95ci": [
      0.02564102564102564,
      0.04871794871794872
    ],
    "task_counts": {
      "Raw Meaning Selection": 1170
    },
    "task_accuracy": {
      "Raw Meaning Selection": 0.037606837606837605
    },
    "parse_error_rate": 0.7461538461538462,
    "tokens_per_sec": 10.530861189083963,
    "cost_per_1000_questions": 0.0,
    "peak_VRAM_or_RAM": 5938.25390625,
    "peak_ram_mb": 2737.609375,
    "cold_start_ms": 34822.95471599991,
    "ops_metric_coverage": {
      "latency_ms": 1170,
      "batch_size_1_latency_ms": 1170,
      "tokens_per_sec": 1170,
      "peak_vram_mb": 1170,
      "ram_mb": 1170,
      "estimated_cost_usd": 0,
      "local_cost_per_hour_usd": 1170,
      "cold_start_ms": 1170
    },
    "total_estimated_cost_usd": 0.0,
    "latency_p50": 104.82876099922578,
    "latency_p95": 5011.401443000068,
    "batch_size_1_latency_p95": 5011.401443000068,
    "adapter_path": "runs/G3_Qwen_dev/final_adapter",
    "quantization": "8bit",
    "local_cost_per_hour_usd": 0.0,
    "g3_checkpoint_id": "runs/G3_Qwen_dev/final_adapter",
    "g3_checkpoint_validation": {
      "adapter_path": "runs/G3_Qwen_dev/final_adapter",
      "verified": true,
      "manifest_path": "runs/G3_Qwen_dev/g3_checkpoint_manifest.json",
      "manifest_type": "g3_checkpoint_manifest",
      "g3_checkpoint_id": "runs/G3_Qwen_dev/final_adapter"
    }
  },
  "4bit": {
    "n": 1170,
    "accuracy": 0.004273504273504274,
    "macro_f1": 0.006567421989643774,
    "classwise_f1": {
      "A": 0.012539184952978056,
      "B": 0.007352941176470588,
      "C": 0.0,
      "D": 0.012944983818770227,
      "PARSE_ERROR": 0.0
    },
    "ece": 0.004273504273504274,
    "brier_score": 0.004273504273504274,
    "bootstrap_accuracy_95ci": [
      0.0008547008547008547,
      0.008547008547008548
    ],
    "task_counts": {
      "Raw Meaning Selection": 1170
    },
    "task_accuracy": {
      "Raw Meaning Selection": 0.004273504273504274
    },
    "parse_error_rate": 0.9957264957264957,
    "tokens_per_sec": 15.697456391133944,
    "cost_per_1000_questions": 0.0,
    "peak_VRAM_or_RAM": 5938.25390625,
    "peak_ram_mb": 2767.265625,
    "cold_start_ms": 35181.69092000062,
    "ops_metric_coverage": {
      "latency_ms": 1170,
      "batch_size_1_latency_ms": 1170,
      "tokens_per_sec": 1170,
      "peak_vram_mb": 1170,
      "ram_mb": 1170,
      "estimated_cost_usd": 0,
      "local_cost_per_hour_usd": 1170,
      "cold_start_ms": 1170
    },
    "total_estimated_cost_usd": 0.0,
    "latency_p50": 225.8987060013169,
    "latency_p95": 1854.8315560001356,
    "batch_size_1_latency_p95": 1854.8315560001356,
    "adapter_path": "runs/G3_Qwen_dev/final_adapter",
    "quantization": "4bit",
    "local_cost_per_hour_usd": 0.0,
    "g3_checkpoint_id": "runs/G3_Qwen_dev/final_adapter",
    "g3_checkpoint_validation": {
      "adapter_path": "runs/G3_Qwen_dev/final_adapter",
      "verified": true,
      "manifest_path": "runs/G3_Qwen_dev/g3_checkpoint_manifest.json",
      "manifest_type": "g3_checkpoint_manifest",
      "g3_checkpoint_id": "runs/G3_Qwen_dev/final_adapter"
    }
  }
}