{
  "train_runtime": 2191.4474,
  "train_samples_per_second": 7.922,
  "train_steps_per_second": 0.991,
  "total_flos": 4.127024618496e+16,
  "train_loss": 0.40381494672149143,
  "epoch": 3.0
}