{
  "train_runtime": 2075.2243,
  "train_samples_per_second": 7.838,
  "train_steps_per_second": 0.98,
  "total_flos": 3.89777046257664e+16,
  "train_loss": 0.38726484845873177,
  "epoch": 3.0
}