{
  "train_runtime": 2461.4887,
  "train_samples_per_second": 7.053,
  "train_steps_per_second": 0.882,
  "total_flos": 5.612908416380928e+16,
  "train_loss": 0.6965062054591065,
  "epoch": 3.0
}