{
  "n": 1170,
  "accuracy": 0.07863247863247863,
  "macro_f1": 0.08734838762308006,
  "classwise_f1": {
    "A": 0.2514506769825919,
    "B": 0.07067137809187278,
    "C": 0.07017543859649122,
    "D": 0.04444444444444444,
    "PARSE_ERROR": 0.0
  },
  "ece": 0.07863247863247863,
  "brier_score": 0.07863247863247863,
  "bootstrap_accuracy_95ci": [
    0.062393162393162394,
    0.09487179487179487
  ],
  "task_counts": {
    "Raw Meaning Selection": 1170
  },
  "task_accuracy": {
    "Raw Meaning Selection": 0.07863247863247863
  },
  "parse_error_rate": 0.8034188034188035,
  "tokens_per_sec": 33.068062659076105,
  "cost_per_1000_questions": 0.0,
  "peak_VRAM_or_RAM": 5044.8935546875,
  "peak_ram_mb": 2873.62109375,
  "cold_start_ms": 29451.00458700017,
  "ops_metric_coverage": {
    "latency_ms": 1170,
    "batch_size_1_latency_ms": 1170,
    "tokens_per_sec": 1170,
    "peak_vram_mb": 1170,
    "ram_mb": 1170,
    "estimated_cost_usd": 0,
    "local_cost_per_hour_usd": 1170,
    "cold_start_ms": 1170
  },
  "total_estimated_cost_usd": 0.0,
  "latency_p50": 1794.9731870003234,
  "latency_p95": 1863.6898280001333,
  "batch_size_1_latency_p95": 1863.6898280001333,
  "adapter_path": "runs/G3_Gemma_dev/final_adapter",
  "quantization": "4bit",
  "local_cost_per_hour_usd": 0.0,
  "partial": false
}