{
  "n": 1151,
  "accuracy": 0.6220677671589921,
  "macro_f1": 0.61996785509048,
  "classwise_f1": {
    "A": 0.5725047080979285,
    "B": 0.6635367762128325,
    "C": 0.6223021582733813,
    "D": 0.6215277777777778
  },
  "ece": 0.11985985490838826,
  "brier_score": 0.20460855636618874,
  "bootstrap_accuracy_95ci": [
    0.5925282363162467,
    0.6516072980017377
  ],
  "task_counts": {
    "Raw Meaning Selection": 1151
  },
  "task_accuracy": {
    "Raw Meaning Selection": 0.6220677671589921
  },
  "parse_error_rate": 0.0,
  "tokens_per_sec": 0.0,
  "cost_per_1000_questions": 0.0,
  "peak_VRAM_or_RAM": 675.66015625,
  "peak_ram_mb": 1848.7109375,
  "cold_start_ms": 0.0,
  "ops_metric_coverage": {
    "latency_ms": 1151,
    "batch_size_1_latency_ms": 1151,
    "tokens_per_sec": 0,
    "peak_vram_mb": 1151,
    "ram_mb": 1151,
    "estimated_cost_usd": 0,
    "local_cost_per_hour_usd": 0,
    "cold_start_ms": 0
  },
  "latency_p50": 21.191936000832357,
  "latency_p95": 23.557393997180043,
  "batch_size_1_latency_p95": 23.557393997180043
}