{
  "train_runtime": 1964.6746,
  "train_samples_per_second": 8.279,
  "train_steps_per_second": 1.035,
  "total_flos": 3.140627880488141e+16,
  "train_loss": 0.013379625370614382,
  "epoch": 3.0
}