{
  "train_runtime": 2340.0252,
  "train_samples_per_second": 7.419,
  "train_steps_per_second": 0.928,
  "total_flos": 3.95581795811712e+16,
  "train_loss": 0.694152838946706,
  "epoch": 3.0
}