{
  "train_runtime": 2316.6488,
  "train_samples_per_second": 7.494,
  "train_steps_per_second": 0.938,
  "total_flos": 3.723660395935027e+16,
  "train_loss": 3.1031531762901152,
  "epoch": 3.0
}